Local,raca_cor,ano,mortalidade_materna
Brasil,Amarela,1996,"1.061,71"
Brasil,Amarela,1997,"135,65"
Brasil,Amarela,1998,"117,59"
Brasil,Amarela,1999,"41,58"
Brasil,Amarela,2000,"74,09"
Brasil,Amarela,2001,"20,75"
Brasil,Amarela,2002,"52,71"
Brasil,Amarela,2003,"61,99"
Brasil,Amarela,2004,"35,26"
Brasil,Amarela,2005,"72,70"
Brasil,Amarela,2006,"108,75"
Brasil,Amarela,2007,"75,32"
Brasil,Amarela,2008,"89,05"
Brasil,Amarela,2009,"34,45"
Brasil,Amarela,2010,"73,92"
Brasil,Amarela,2011,"36,57"
Brasil,Amarela,2012,"27,05"
Brasil,Amarela,2013,"25,89"
Brasil,Amarela,2014,"25,84"
Brasil,Amarela,2015,"18,36"
Brasil,Amarela,2016,"28,71"
Brasil,Amarela,2017,"66,88"
Brasil,Amarela,2018,"61,76"
Brasil,Amarela,2019,"7,85"
Brasil,Amarela,2020,"81,24"
Brasil,Amarela,2021,"49,42"
Brasil,Amarela, Total período,"55,76"
Brasil,Branca,1996,"105,83"
Brasil,Branca,1997,"70,03"
Brasil,Branca,1998,"75,21"
Brasil,Branca,1999,"49,34"
Brasil,Branca,2000,"41,47"
Brasil,Branca,2001,"38,71"
Brasil,Branca,2002,"42,20"
Brasil,Branca,2003,"40,71"
Brasil,Branca,2004,"43,95"
Brasil,Branca,2005,"39,70"
Brasil,Branca,2006,"43,33"
Brasil,Branca,2007,"40,37"
Brasil,Branca,2008,"44,20"
Brasil,Branca,2009,"49,66"
Brasil,Branca,2010,"46,41"
Brasil,Branca,2011,"42,98"
Brasil,Branca,2012,"49,06"
Brasil,Branca,2013,"49,53"
Brasil,Branca,2014,"49,42"
Brasil,Branca,2015,"52,20"
Brasil,Branca,2016,"52,33"
Brasil,Branca,2017,"54,93"
Brasil,Branca,2018,"49,91"
Brasil,Branca,2019,"49,25"
Brasil,Branca,2020,"64,83"
Brasil,Branca,2021,"120,98"
Brasil,Branca, Total período,"49,94"
Brasil,Ignorado,1994,"0,00"
Brasil,Ignorado,1995,"0,00"
Brasil,Ignorado,1996,"50,79"
Brasil,Ignorado,1997,"52,19"
Brasil,Ignorado,1998,"41,53"
Brasil,Ignorado,1999,"52,92"
Brasil,Ignorado,2000,"68,20"
Brasil,Ignorado,2001,"58,54"
Brasil,Ignorado,2002,"52,44"
Brasil,Ignorado,2003,"53,78"
Brasil,Ignorado,2004,"48,35"
Brasil,Ignorado,2005,"46,14"
Brasil,Ignorado,2006,"55,86"
Brasil,Ignorado,2007,"56,51"
Brasil,Ignorado,2008,"63,86"
Brasil,Ignorado,2009,"91,50"
Brasil,Ignorado,2010,"71,75"
Brasil,Ignorado,2011,"83,43"
Brasil,Ignorado,2012,"60,42"
Brasil,Ignorado,2013,"58,15"
Brasil,Ignorado,2014,"48,65"
Brasil,Ignorado,2015,"46,18"
Brasil,Ignorado,2016,"39,51"
Brasil,Ignorado,2017,"36,84"
Brasil,Ignorado,2018,"40,47"
Brasil,Ignorado,2019,"48,01"
Brasil,Ignorado,2020,"74,77"
Brasil,Ignorado,2021,"84,38"
Brasil,Ignorado, Total período,"35,55"
Brasil,Indígena,1996,"339,56"
Brasil,Indígena,1997,"84,51"
Brasil,Indígena,1998,"100,65"
Brasil,Indígena,1999,"13,82"
Brasil,Indígena,2000,"86,38"
Brasil,Indígena,2001,"135,92"
Brasil,Indígena,2002,"76,21"
Brasil,Indígena,2003,"60,77"
Brasil,Indígena,2004,"68,87"
Brasil,Indígena,2005,"137,52"
Brasil,Indígena,2006,"124,78"
Brasil,Indígena,2007,"155,08"
Brasil,Indígena,2008,"86,46"
Brasil,Indígena,2009,"157,32"
Brasil,Indígena,2010,"113,30"
Brasil,Indígena,2011,"147,88"
Brasil,Indígena,2012,"105,99"
Brasil,Indígena,2013,"131,67"
Brasil,Indígena,2014,"91,24"
Brasil,Indígena,2015,"157,45"
Brasil,Indígena,2016,"90,26"
Brasil,Indígena,2017,"101,17"
Brasil,Indígena,2018,"99,13"
Brasil,Indígena,2019,"94,79"
Brasil,Indígena,2020,"112,66"
Brasil,Indígena,2021,"149,00"
Brasil,Indígena, Total período,"109,83"
Brasil,Parda,1996,"30,46"
Brasil,Parda,1997,"74,31"
Brasil,Parda,1998,"95,43"
Brasil,Parda,1999,"64,81"
Brasil,Parda,2000,"50,19"
Brasil,Parda,2001,"51,09"
Brasil,Parda,2002,"56,73"
Brasil,Parda,2003,"54,59"
Brasil,Parda,2004,"55,53"
Brasil,Parda,2005,"58,76"
Brasil,Parda,2006,"55,05"
Brasil,Parda,2007,"56,51"
Brasil,Parda,2008,"58,29"
Brasil,Parda,2009,"63,06"
Brasil,Parda,2010,"59,83"
Brasil,Parda,2011,"55,86"
Brasil,Parda,2012,"51,54"
Brasil,Parda,2013,"57,15"
Brasil,Parda,2014,"57,82"
Brasil,Parda,2015,"55,45"
Brasil,Parda,2016,"57,77"
Brasil,Parda,2017,"56,13"
Brasil,Parda,2018,"55,47"
Brasil,Parda,2019,"53,63"
Brasil,Parda,2020,"68,81"
Brasil,Parda,2021,"100,00"
Brasil,Parda, Total período,"59,78"
Brasil,Preta,1996,"0,00"
Brasil,Preta,1997,"268,34"
Brasil,Preta,1998,"376,99"
Brasil,Preta,1999,"222,33"
Brasil,Preta,2000,"183,19"
Brasil,Preta,2001,"212,58"
Brasil,Preta,2002,"248,73"
Brasil,Preta,2003,"234,97"
Brasil,Preta,2004,"285,92"
Brasil,Preta,2005,"251,02"
Brasil,Preta,2006,"325,18"
Brasil,Preta,2007,"357,98"
Brasil,Preta,2008,"347,59"
Brasil,Preta,2009,"438,31"
Brasil,Preta,2010,"411,93"
Brasil,Preta,2011,"137,43"
Brasil,Preta,2012,"111,97"
Brasil,Preta,2013,"117,01"
Brasil,Preta,2014,"131,74"
Brasil,Preta,2015,"117,03"
Brasil,Preta,2016,"119,37"
Brasil,Preta,2017,"117,70"
Brasil,Preta,2018,"103,97"
Brasil,Preta,2019,"104,41"
Brasil,Preta,2020,"127,64"
Brasil,Preta,2021,"194,76"
Brasil,Preta, Total período,"175,41"
Brasil,Total,1994,"0,00"
Brasil,Total,1995,"0,00"
Brasil,Total,1996,"51,61"
Brasil,Total,1997,"61,16"
Brasil,Total,1998,"64,87"
Brasil,Total,1999,"57,36"
Brasil,Total,2000,"52,30"
Brasil,Total,2001,"50,62"
Brasil,Total,2002,"54,10"
Brasil,Total,2003,"52,14"
Brasil,Total,2004,"54,22"
Brasil,Total,2005,"53,38"
Brasil,Total,2006,"55,11"
Brasil,Total,2007,"54,99"
Brasil,Total,2008,"57,28"
Brasil,Total,2009,"64,96"
Brasil,Total,2010,"60,07"
Brasil,Total,2011,"55,27"
Brasil,Total,2012,"54,48"
Brasil,Total,2013,"58,06"
Brasil,Total,2014,"58,37"
Brasil,Total,2015,"57,59"
Brasil,Total,2016,"58,44"
Brasil,Total,2017,"58,76"
Brasil,Total,2018,"56,30"
Brasil,Total,2019,"55,31"
Brasil,Total,2020,"71,97"
Brasil,Total,2021,"113,18"
Brasil,Total, Total período,"55,16"
Ceará,Amarela,1996,"0,00"
Ceará,Amarela,1997,"139,86"
Ceará,Amarela,1998,"140,75"
Ceará,Amarela,1999,"67,49"
Ceará,Amarela,2000,"82,64"
Ceará,Amarela,2001,"37,17"
Ceará,Amarela,2002,"0,00"
Ceará,Amarela,2003,"0,00"
Ceará,Amarela,2004,"0,00"
Ceará,Amarela,2005,"261,44"
Ceará,Amarela,2006,"0,00"
Ceará,Amarela,2007,"0,00"
Ceará,Amarela,2008,"0,00"
Ceará,Amarela,2009,"0,00"
Ceará,Amarela,2010,"0,00"
Ceará,Amarela,2011,"564,97"
Ceará,Amarela,2012,"0,00"
Ceará,Amarela,2013,"0,00"
Ceará,Amarela,2014,"0,00"
Ceará,Amarela,2015,"0,00"
Ceará,Amarela,2016,"0,00"
Ceará,Amarela,2017,"421,94"
Ceará,Amarela,2018,"0,00"
Ceará,Amarela,2019,"0,00"
Ceará,Amarela,2020,"696,86"
Ceará,Amarela,2021,"288,18"
Ceará,Amarela, Total período,"76,34"
Ceará,Branca,1996,"0,00"
Ceará,Branca,1997,"95,55"
Ceará,Branca,1998,"86,26"
Ceará,Branca,1999,"36,10"
Ceará,Branca,2000,"57,41"
Ceará,Branca,2001,"62,79"
Ceará,Branca,2002,"86,89"
Ceará,Branca,2003,"59,25"
Ceará,Branca,2004,"53,13"
Ceará,Branca,2005,"99,53"
Ceará,Branca,2006,"90,90"
Ceará,Branca,2007,"71,69"
Ceará,Branca,2008,"52,74"
Ceará,Branca,2009,"74,55"
Ceará,Branca,2010,"111,30"
Ceará,Branca,2011,"94,67"
Ceará,Branca,2012,"174,54"
Ceará,Branca,2013,"138,87"
Ceará,Branca,2014,"161,15"
Ceará,Branca,2015,"52,08"
Ceará,Branca,2016,"195,40"
Ceará,Branca,2017,"101,17"
Ceará,Branca,2018,"167,70"
Ceará,Branca,2019,"114,47"
Ceará,Branca,2020,"264,32"
Ceará,Branca,2021,"219,88"
Ceará,Branca, Total período,"93,24"
Ceará,Ignorado,1994,"0,00"
Ceará,Ignorado,1995,"0,00"
Ceará,Ignorado,1996,"93,96"
Ceará,Ignorado,1997,"78,02"
Ceará,Ignorado,1998,"106,77"
Ceará,Ignorado,1999,"117,91"
Ceará,Ignorado,2000,"171,93"
Ceará,Ignorado,2001,"173,64"
Ceará,Ignorado,2002,"95,93"
Ceará,Ignorado,2003,"151,93"
Ceará,Ignorado,2004,"108,48"
Ceará,Ignorado,2005,"59,12"
Ceará,Ignorado,2006,"27,80"
Ceará,Ignorado,2007,"34,00"
Ceará,Ignorado,2008,"13,66"
Ceará,Ignorado,2009,"98,72"
Ceará,Ignorado,2010,"87,30"
Ceará,Ignorado,2011,"60,72"
Ceará,Ignorado,2012,"32,81"
Ceará,Ignorado,2013,"14,40"
Ceará,Ignorado,2014,"35,96"
Ceará,Ignorado,2015,"3,98"
Ceará,Ignorado,2016,"8,17"
Ceará,Ignorado,2017,"10,70"
Ceará,Ignorado,2018,"3,91"
Ceará,Ignorado,2019,"4,58"
Ceará,Ignorado,2020,"10,66"
Ceará,Ignorado,2021,"13,23"
Ceará,Ignorado, Total período,"56,27"
Ceará,Indígena,1996,"0,00"
Ceará,Indígena,1997,"0,00"
Ceará,Indígena,1998,"178,57"
Ceará,Indígena,1999,"0,00"
Ceará,Indígena,2000,"0,00"
Ceará,Indígena,2001,"0,00"
Ceará,Indígena,2002,"0,00"
Ceará,Indígena,2003,"0,00"
Ceará,Indígena,2004,"0,00"
Ceará,Indígena,2005,"0,00"
Ceará,Indígena,2006,"0,00"
Ceará,Indígena,2007,"0,00"
Ceará,Indígena,2008,"0,00"
Ceará,Indígena,2009,"0,00"
Ceará,Indígena,2010,"0,00"
Ceará,Indígena,2011,"819,67"
Ceará,Indígena,2012,"0,00"
Ceará,Indígena,2013,"0,00"
Ceará,Indígena,2014,"0,00"
Ceará,Indígena,2015,"346,02"
Ceará,Indígena,2016,"353,36"
Ceará,Indígena,2017,"0,00"
Ceará,Indígena,2018,"0,00"
Ceará,Indígena,2019,"0,00"
Ceará,Indígena,2020,"299,40"
Ceará,Indígena,2021,"0,00"
Ceará,Indígena, Total período,"53,49"
Ceará,Parda,1996,"0,00"
Ceará,Parda,1997,"58,43"
Ceará,Parda,1998,"62,54"
Ceará,Parda,1999,"73,12"
Ceará,Parda,2000,"55,52"
Ceará,Parda,2001,"44,23"
Ceará,Parda,2002,"49,88"
Ceará,Parda,2003,"50,43"
Ceará,Parda,2004,"73,79"
Ceará,Parda,2005,"74,69"
Ceará,Parda,2006,"70,33"
Ceará,Parda,2007,"61,81"
Ceará,Parda,2008,"52,41"
Ceará,Parda,2009,"56,79"
Ceará,Parda,2010,"58,19"
Ceará,Parda,2011,"61,41"
Ceará,Parda,2012,"58,52"
Ceará,Parda,2013,"75,29"
Ceará,Parda,2014,"57,86"
Ceará,Parda,2015,"57,19"
Ceará,Parda,2016,"54,90"
Ceará,Parda,2017,"76,10"
Ceará,Parda,2018,"73,88"
Ceará,Parda,2019,"63,95"
Ceará,Parda,2020,"91,24"
Ceará,Parda,2021,"106,68"
Ceará,Parda, Total período,"64,91"
Ceará,Preta,1996,"0,00"
Ceará,Preta,1997,"180,51"
Ceará,Preta,1998,"206,75"
Ceará,Preta,1999,"135,55"
Ceará,Preta,2000,"135,96"
Ceará,Preta,2001,"181,58"
Ceará,Preta,2002,"177,94"
Ceará,Preta,2003,"337,13"
Ceará,Preta,2004,"389,67"
Ceará,Preta,2005,"442,48"
Ceará,Preta,2006,"201,61"
Ceará,Preta,2007,"603,86"
Ceará,Preta,2008,"393,18"
Ceará,Preta,2009,"467,29"
Ceará,Preta,2010,"316,46"
Ceará,Preta,2011,"196,08"
Ceará,Preta,2012,"150,72"
Ceará,Preta,2013,"0,00"
Ceará,Preta,2014,"156,74"
Ceará,Preta,2015,"279,07"
Ceará,Preta,2016,"305,81"
Ceará,Preta,2017,"299,70"
Ceará,Preta,2018,"290,98"
Ceará,Preta,2019,"185,36"
Ceará,Preta,2020,"433,53"
Ceará,Preta,2021,"235,85"
Ceará,Preta, Total período,"240,38"
Ceará,Total,1994,"0,00"
Ceará,Total,1995,"0,00"
Ceará,Total,1996,"93,81"
Ceará,Total,1997,"78,31"
Ceará,Total,1998,"93,74"
Ceará,Total,1999,"81,76"
Ceará,Total,2000,"71,83"
Ceará,Total,2001,"67,75"
Ceará,Total,2002,"64,93"
Ceará,Total,2003,"68,53"
Ceará,Total,2004,"78,64"
Ceará,Total,2005,"82,12"
Ceará,Total,2006,"67,40"
Ceará,Total,2007,"62,76"
Ceará,Total,2008,"50,03"
Ceará,Total,2009,"66,21"
Ceará,Total,2010,"70,64"
Ceará,Total,2011,"68,43"
Ceará,Total,2012,"69,36"
Ceará,Total,2013,"74,47"
Ceará,Total,2014,"65,28"
Ceará,Total,2015,"49,05"
Ceará,Total,2016,"58,62"
Ceará,Total,2017,"65,73"
Ceará,Total,2018,"68,45"
Ceará,Total,2019,"58,06"
Ceará,Total,2020,"97,62"
Ceará,Total,2021,"107,26"
Ceará,Total, Total período,"68,07"
Fortaleza,Ignorado,1994,"0,00"
Fortaleza,Total,1994,"0,00"
Fortaleza,Ignorado,1995,"0,00"
Fortaleza,Total,1995,"0,00"
Fortaleza,Branca,1996,"0,00"
Fortaleza,Ignorado,1996,"102,50"
Fortaleza,Total,1996,"102,49"
Fortaleza,Amarela,1997,"0,00"
Fortaleza,Branca,1997,"389,11"
Fortaleza,Ignorado,1997,"91,52"
Fortaleza,Indígena,1997,"0,00"
Fortaleza,Parda,1997,"97,94"
Fortaleza,Preta,1997,"0,00"
Fortaleza,Total,1997,"95,86"
Fortaleza,Amarela,1998,"0,00"
Fortaleza,Branca,1998,"52,91"
Fortaleza,Ignorado,1998,"111,39"
Fortaleza,Indígena,1998,"0,00"
Fortaleza,Parda,1998,"22,97"
Fortaleza,Preta,1998,"0,00"
Fortaleza,Total,1998,"73,57"
Fortaleza,Amarela,1999,"69,91"
Fortaleza,Branca,1999,"71,12"
Fortaleza,Ignorado,1999,"22,71"
Fortaleza,Indígena,1999,"0,00"
Fortaleza,Parda,1999,"45,95"
Fortaleza,Preta,1999,"0,00"
Fortaleza,Total,1999,"37,36"
Fortaleza,Amarela,2000,"0,00"
Fortaleza,Branca,2000,"13,96"
Fortaleza,Ignorado,2000,"103,37"
Fortaleza,Indígena,2000,"0,00"
Fortaleza,Parda,2000,"40,00"
Fortaleza,Preta,2000,"694,44"
Fortaleza,Total,2000,"53,71"
Fortaleza,Amarela,2001,"0,00"
Fortaleza,Branca,2001,"59,53"
Fortaleza,Ignorado,2001,"114,60"
Fortaleza,Indígena,2001,"0,00"
Fortaleza,Parda,2001,"20,58"
Fortaleza,Preta,2001,"0,00"
Fortaleza,Total,2001,"47,89"
Fortaleza,Amarela,2002,"0,00"
Fortaleza,Branca,2002,"114,65"
Fortaleza,Ignorado,2002,"40,33"
Fortaleza,Indígena,2002,"0,00"
Fortaleza,Parda,2002,"41,33"
Fortaleza,Preta,2002,"375,94"
Fortaleza,Total,2002,"50,89"
Fortaleza,Amarela,2003,"0,00"
Fortaleza,Branca,2003,"41,13"
Fortaleza,Ignorado,2003,"103,65"
Fortaleza,Indígena,2003,"0,00"
Fortaleza,Parda,2003,"38,70"
Fortaleza,Preta,2003,"0,00"
Fortaleza,Total,2003,"55,07"
Fortaleza,Amarela,2004,"0,00"
Fortaleza,Branca,2004,"62,24"
Fortaleza,Ignorado,2004,"61,98"
Fortaleza,Indígena,2004,"0,00"
Fortaleza,Parda,2004,"62,33"
Fortaleza,Preta,2004,"1.465,20"
Fortaleza,Total,2004,"71,26"
Fortaleza,Amarela,2005,"0,00"
Fortaleza,Branca,2005,"259,63"
Fortaleza,Ignorado,2005,"22,90"
Fortaleza,Indígena,2005,"0,00"
Fortaleza,Parda,2005,"48,00"
Fortaleza,Preta,2005,"3.797,47"
Fortaleza,Total,2005,"64,26"
Fortaleza,Amarela,2006,"0,00"
Fortaleza,Branca,2006,"97,90"
Fortaleza,Ignorado,2006,"11,48"
Fortaleza,Indígena,2006,"0,00"
Fortaleza,Parda,2006,"53,31"
Fortaleza,Preta,2006,"0,00"
Fortaleza,Total,2006,"37,27"
Fortaleza,Amarela,2007,"0,00"
Fortaleza,Branca,2007,"0,00"
Fortaleza,Ignorado,2007,"14,44"
Fortaleza,Indígena,2007,"0,00"
Fortaleza,Parda,2007,"41,16"
Fortaleza,Preta,2007,"0,00"
Fortaleza,Total,2007,"29,15"
Fortaleza,Amarela,2008,"0,00"
Fortaleza,Branca,2008,"95,56"
Fortaleza,Ignorado,2008,"0,00"
Fortaleza,Indígena,2008,"0,00"
Fortaleza,Parda,2008,"56,21"
Fortaleza,Preta,2008,"0,00"
Fortaleza,Total,2008,"41,24"
Fortaleza,Amarela,2009,"0,00"
Fortaleza,Branca,2009,"210,97"
Fortaleza,Ignorado,2009,"30,60"
Fortaleza,Indígena,2009,"0,00"
Fortaleza,Parda,2009,"26,57"
Fortaleza,Preta,2009,"0,00"
Fortaleza,Total,2009,"37,19"
Fortaleza,Amarela,2010,"0,00"
Fortaleza,Branca,2010,"276,63"
Fortaleza,Ignorado,2010,"32,73"
Fortaleza,Indígena,2010,"0,00"
Fortaleza,Parda,2010,"40,53"
Fortaleza,Preta,2010,"826,45"
Fortaleza,Total,2010,"54,41"
Fortaleza,Amarela,2011,"0,00"
Fortaleza,Branca,2011,"79,46"
Fortaleza,Ignorado,2011,"16,40"
Fortaleza,Indígena,2011,"3.703,70"
Fortaleza,Parda,2011,"57,52"
Fortaleza,Preta,2011,"0,00"
Fortaleza,Total,2011,"47,99"
Fortaleza,Amarela,2012,"0,00"
Fortaleza,Branca,2012,"360,10"
Fortaleza,Ignorado,2012,"18,48"
Fortaleza,Indígena,2012,"0,00"
Fortaleza,Parda,2012,"42,01"
Fortaleza,Preta,2012,"934,58"
Fortaleza,Total,2012,"61,21"
Fortaleza,Amarela,2013,"0,00"
Fortaleza,Branca,2013,"203,53"
Fortaleza,Ignorado,2013,"10,40"
Fortaleza,Indígena,2013,"0,00"
Fortaleza,Parda,2013,"70,53"
Fortaleza,Preta,2013,"0,00"
Fortaleza,Total,2013,"65,18"
Fortaleza,Amarela,2014,"0,00"
Fortaleza,Branca,2014,"273,01"
Fortaleza,Ignorado,2014,"17,21"
Fortaleza,Indígena,2014,"0,00"
Fortaleza,Parda,2014,"58,74"
Fortaleza,Preta,2014,"1.428,57"
Fortaleza,Total,2014,"65,45"
Fortaleza,Amarela,2015,"0,00"
Fortaleza,Branca,2015,"122,77"
Fortaleza,Ignorado,2015,"6,79"
Fortaleza,Indígena,2015,"0,00"
Fortaleza,Parda,2015,"43,53"
Fortaleza,Preta,2015,"0,00"
Fortaleza,Total,2015,"32,90"
Fortaleza,Amarela,2016,"0,00"
Fortaleza,Branca,2016,"567,47"
Fortaleza,Total,2016,"42,72"
Fortaleza,Ignorado,2016,"6,95"
Fortaleza,Indígena,2016,"0,00"
Fortaleza,Parda,2016,"28,18"
Fortaleza,Preta,2016,"0,00"
Fortaleza,Amarela,2017,"0,00"
Fortaleza,Branca,2017,"230,24"
Fortaleza,Ignorado,2017,"0,00"
Fortaleza,Indígena,2017,"0,00"
Fortaleza,Parda,2017,"67,11"
Fortaleza,Preta,2017,"0,00"
Fortaleza,Total,2017,"46,30"
Fortaleza,Amarela,2018,"0,00"
Fortaleza,Branca,2018,"165,29"
Fortaleza,Ignorado,2018,"0,00"
Fortaleza,Indígena,2018,"0,00"
Fortaleza,Parda,2018,"44,99"
Fortaleza,Preta,2018,"0,00"
Fortaleza,Total,2018,"30,70"
Fortaleza,Amarela,2019,"0,00"
Fortaleza,Branca,2019,"73,96"
Fortaleza,Ignorado,2019,"7,58"
Fortaleza,Indígena,2019,"0,00"
Fortaleza,Parda,2019,"59,43"
Fortaleza,Preta,2019,"0,00"
Fortaleza,Total,2019,"40,05"
Fortaleza,Amarela,2020,"0,00"
Fortaleza,Branca,2020,"460,53"
Fortaleza,Ignorado,2020,"7,92"
Fortaleza,Indígena,2020,"0,00"
Fortaleza,Parda,2020,"122,55"
Fortaleza,Preta,2020,"471,70"
Fortaleza,Total,2020,"95,75"
Fortaleza,Amarela,2021,"0,00"
Fortaleza,Branca,2021,"146,79"
Fortaleza,Ignorado,2021,"10,19"
Fortaleza,Indígena,2021,"0,00"
Fortaleza,Parda,2021,"100,61"
Fortaleza,Preta,2021,"0,00"
Fortaleza,Total,2021,"75,60"
Fortaleza,Amarela, Total período,"41,23"
Fortaleza,Branca, Total período,"129,56"
Fortaleza,Ignorado, Total período,"37,80"
Fortaleza,Indígena, Total período,"55,43"
Fortaleza,Parda, Total período,"50,96"
Fortaleza,Preta, Total período,"424,73"
Fortaleza,Total, Total período,"52,57"
Nordeste,Amarela,1996,"0,00"
Nordeste,Amarela,1997,"44,74"
Nordeste,Amarela,1998,"95,83"
Nordeste,Amarela,1999,"41,27"
Nordeste,Amarela,2000,"47,51"
Nordeste,Amarela,2001,"19,47"
Nordeste,Amarela,2002,"57,46"
Nordeste,Amarela,2003,"42,67"
Nordeste,Amarela,2004,"35,32"
Nordeste,Amarela,2005,"88,24"
Nordeste,Amarela,2006,"0,00"
Nordeste,Amarela,2007,"0,00"
Nordeste,Amarela,2008,"59,67"
Nordeste,Amarela,2009,"0,00"
Nordeste,Amarela,2010,"140,94"
Nordeste,Amarela,2011,"84,64"
Nordeste,Amarela,2012,"44,23"
Nordeste,Amarela,2013,"0,00"
Nordeste,Amarela,2014,"74,99"
Nordeste,Amarela,2015,"81,87"
Nordeste,Amarela,2016,"47,44"
Nordeste,Amarela,2017,"156,31"
Nordeste,Amarela,2018,"34,11"
Nordeste,Amarela,2019,"0,00"
Nordeste,Amarela,2020,"238,00"
Nordeste,Amarela,2021,"76,98"
Nordeste,Amarela, Total período,"50,77"
Nordeste,Branca,1996,"0,00"
Nordeste,Branca,1997,"46,52"
Nordeste,Branca,1998,"49,82"
Nordeste,Branca,1999,"29,81"
Nordeste,Branca,2000,"38,46"
Nordeste,Branca,2001,"41,25"
Nordeste,Branca,2002,"53,25"
Nordeste,Branca,2003,"47,85"
Nordeste,Branca,2004,"42,06"
Nordeste,Branca,2005,"56,86"
Nordeste,Branca,2006,"62,79"
Nordeste,Branca,2007,"55,55"
Nordeste,Branca,2008,"64,67"
Nordeste,Branca,2009,"72,12"
Nordeste,Branca,2010,"70,55"
Nordeste,Branca,2011,"93,67"
Nordeste,Branca,2012,"98,47"
Nordeste,Branca,2013,"107,25"
Nordeste,Branca,2014,"99,14"
Nordeste,Branca,2015,"86,11"
Nordeste,Branca,2016,"89,91"
Nordeste,Branca,2017,"83,63"
Nordeste,Branca,2018,"81,83"
Nordeste,Branca,2019,"82,79"
Nordeste,Branca,2020,"133,08"
Nordeste,Branca,2021,"172,41"
Nordeste,Branca, Total período,"66,26"
Nordeste,Ignorado,1994,"0,00"
Nordeste,Ignorado,1995,"0,00"
Nordeste,Ignorado,1996,"56,90"
Nordeste,Ignorado,1997,"55,19"
Nordeste,Ignorado,1998,"48,68"
Nordeste,Ignorado,1999,"66,14"
Nordeste,Ignorado,2000,"111,80"
Nordeste,Ignorado,2001,"115,67"
Nordeste,Ignorado,2002,"91,70"
Nordeste,Ignorado,2003,"104,27"
Nordeste,Ignorado,2004,"79,69"
Nordeste,Ignorado,2005,"84,10"
Nordeste,Ignorado,2006,"83,93"
Nordeste,Ignorado,2007,"77,56"
Nordeste,Ignorado,2008,"91,63"
Nordeste,Ignorado,2009,"104,83"
Nordeste,Ignorado,2010,"89,70"
Nordeste,Ignorado,2011,"95,46"
Nordeste,Ignorado,2012,"58,07"
Nordeste,Ignorado,2013,"54,07"
Nordeste,Ignorado,2014,"60,04"
Nordeste,Ignorado,2015,"43,18"
Nordeste,Ignorado,2016,"36,34"
Nordeste,Ignorado,2017,"29,59"
Nordeste,Ignorado,2018,"45,26"
Nordeste,Ignorado,2019,"43,63"
Nordeste,Ignorado,2020,"58,98"
Nordeste,Ignorado,2021,"68,39"
Nordeste,Ignorado, Total período,"48,69"
Nordeste,Indígena,1996,"0,00"
Nordeste,Indígena,1997,"0,00"
Nordeste,Indígena,1998,"58,43"
Nordeste,Indígena,1999,"16,24"
Nordeste,Indígena,2000,"53,07"
Nordeste,Indígena,2001,"65,43"
Nordeste,Indígena,2002,"76,18"
Nordeste,Indígena,2003,"21,25"
Nordeste,Indígena,2004,"27,02"
Nordeste,Indígena,2005,"30,72"
Nordeste,Indígena,2006,"132,04"
Nordeste,Indígena,2007,"138,12"
Nordeste,Indígena,2008,"42,39"
Nordeste,Indígena,2009,"351,34"
Nordeste,Indígena,2010,"79,65"
Nordeste,Indígena,2011,"128,29"
Nordeste,Indígena,2012,"174,22"
Nordeste,Indígena,2013,"101,97"
Nordeste,Indígena,2014,"83,85"
Nordeste,Indígena,2015,"104,88"
Nordeste,Indígena,2016,"144,76"
Nordeste,Indígena,2017,"121,42"
Nordeste,Indígena,2018,"107,87"
Nordeste,Indígena,2019,"42,98"
Nordeste,Indígena,2020,"158,80"
Nordeste,Indígena,2021,"138,89"
Nordeste,Indígena, Total período,"88,29"
Nordeste,Parda,1996,"0,00"
Nordeste,Parda,1997,"52,14"
Nordeste,Parda,1998,"0,00"
Nordeste,Parda,1999,"55,19"
Nordeste,Parda,2000,"47,59"
Nordeste,Parda,2001,"43,51"
Nordeste,Parda,2002,"0,00"
Nordeste,Parda,2003,"55,23"
Nordeste,Parda,2004,"59,79"
Nordeste,Parda,2005,"60,06"
Nordeste,Parda,2006,"54,17"
Nordeste,Parda,2007,"56,06"
Nordeste,Parda,2008,"60,48"
Nordeste,Parda,2009,"58,89"
Nordeste,Parda,2010,"60,32"
Nordeste,Parda,2011,"58,38"
Nordeste,Parda,2012,"55,82"
Nordeste,Parda,2013,"65,99"
Nordeste,Parda,2014,"61,07"
Nordeste,Parda,2015,"63,89"
Nordeste,Parda,2016,"61,96"
Nordeste,Parda,2017,"60,68"
Nordeste,Parda,2018,"57,43"
Nordeste,Parda,2019,"55,65"
Nordeste,Parda,2020,"74,97"
Nordeste,Parda,2021,"93,84"
Nordeste,Parda, Total período,"60,12"
Nordeste,Preta,1996,"0,00"
Nordeste,Preta,1997,"144,07"
Nordeste,Preta,1998,"109,97"
Nordeste,Preta,1999,"191,32"
Nordeste,Preta,2000,"154,92"
Nordeste,Preta,2001,"215,36"
Nordeste,Preta,2002,"186,54"
Nordeste,Preta,2003,"245,82"
Nordeste,Preta,2004,"379,83"
Nordeste,Preta,2005,"338,61"
Nordeste,Preta,2006,"428,49"
Nordeste,Preta,2007,"557,42"
Nordeste,Preta,2008,"608,60"
Nordeste,Preta,2009,"800,09"
Nordeste,Preta,2010,"687,06"
Nordeste,Preta,2011,"121,89"
Nordeste,Preta,2012,"129,26"
Nordeste,Preta,2013,"157,86"
Nordeste,Preta,2014,"173,05"
Nordeste,Preta,2015,"133,93"
Nordeste,Preta,2016,"142,75"
Nordeste,Preta,2017,"142,29"
Nordeste,Preta,2018,"115,92"
Nordeste,Preta,2019,"84,48"
Nordeste,Preta,2020,"154,97"
Nordeste,Preta,2021,"229,71"
Nordeste,Preta, Total período,"197,13"
Nordeste,Total,1994,"0,00"
Nordeste,Total,1995,"0,00"
Nordeste,Total,1996,"56,77"
Nordeste,Total,1997,"54,90"
Nordeste,Total,1998,"56,25"
Nordeste,Total,1999,"56,25"
Nordeste,Total,2000,"57,66"
Nordeste,Total,2001,"57,42"
Nordeste,Total,2002,"61,42"
Nordeste,Total,2003,"63,00"
Nordeste,Total,2004,"63,68"
Nordeste,Total,2005,"67,03"
Nordeste,Total,2006,"63,56"
Nordeste,Total,2007,"63,62"
Nordeste,Total,2008,"69,57"
Nordeste,Total,2009,"72,94"
Nordeste,Total,2010,"71,09"
Nordeste,Total,2011,"68,98"
Nordeste,Total,2012,"65,58"
Nordeste,Total,2013,"75,11"
Nordeste,Total,2014,"71,30"
Nordeste,Total,2015,"68,53"
Nordeste,Total,2016,"67,58"
Nordeste,Total,2017,"65,83"
Nordeste,Total,2018,"62,74"
Nordeste,Total,2019,"59,36"
Nordeste,Total,2020,"85,90"
Nordeste,Total,2021,"109,39"
Nordeste,Total, Total período,"62,62"
Brasil,Total,2022,"53,48"
Ceará,Total,2022,"56,10"
Fortaleza,Total,2022,"26,96"
Nordeste,Total,2022,"60,65"